Year,Country,Sport,Gender,Medal_Count
1924,Austria,Skating,Men,2
1924,Austria,Skating,Women,2
1924,Belgium,Bobsleigh,Men,5
1924,Canada,Ice Hockey,Men,9
1924,Finland,Biathlon,Men,4
1924,Finland,Skating,Men,9
1924,Finland,Skating,Women,1
1924,Finland,Skiing,Men,1
1924,France,Biathlon,Men,4
1924,France,Curling,Men,6
1924,France,Skating,Men,1
1924,France,Skating,Women,1
1924,Norway,Skating,Men,7
1924,Norway,Skiing,Men,10
1924,Sweden,Curling,Men,8
1924,Sweden,Skating,Men,1
1924,Switzerland,Biathlon,Men,4
1924,Switzerland,Bobsleigh,Men,4
1924,Switzerland,Skating,Men,1
1924,United Kingdom,Bobsleigh,Men,4
1924,United Kingdom,Curling,Men,8
1924,United Kingdom,Ice Hockey,Men,12
1924,United Kingdom,Skating,Women,1
1924,United States,Ice Hockey,Men,10
1924,United States,Skating,Men,1
1924,United States,Skating,Women,1
1924,United States,Skiing,Men,1
1928,Austria,Skating,Men,3
1928,Austria,Skating,Women,3
1928,Belgium,Skating,Men,1
1928,Canada,Ice Hockey,Men,12
1928,Czechoslovakia,Skiing,Men,1
1928,Finland,Skating,Men,4
1928,France,Skating,Men,1
1928,France,Skating,Women,1
1928,Germany,Bobsleigh,Men,5
1928,Norway,Skating,Men,6
1928,Norway,Skating,Women,1
1928,Norway,Skiing,Men,8
1928,Sweden,Ice Hockey,Men,12
1928,Sweden,Skating,Men,1
1928,Sweden,Skiing,Men,3
1928,Switzerland,Ice Hockey,Men,12
1928,United Kingdom,Bobsleigh,Men,1
1928,United States,Bobsleigh,Men,12
1928,United States,Skating,Men,1
1928,United States,Skating,Women,1
1932,Austria,Skating,Men,1
1932,Austria,Skating,Women,1
1932,Canada,Ice Hockey,Men,14
1932,Canada,Skating,Men,6
1932,Finland,Skiing,Men,3
1932,France,Skating,Men,1
1932,France,Skating,Women,1
1932,Germany,Bobsleigh,Men,11
1932,Germany,Ice Hockey,Men,10
1932,Hungary,Skating,Men,1
1932,Hungary,Skating,Women,1
1932,Norway,Skating,Men,2
1932,Norway,Skating,Women,1
1932,Norway,Skiing,Men,7
1932,Sweden,Skating,Men,1
1932,Sweden,Skiing,Men,2
1932,Switzerland,Bobsleigh,Men,8
1932,United States,Bobsleigh,Men,23
1932,United States,Ice Hockey,Men,14
1932,United States,Skating,Men,6
1932,United States,Skating,Women,2
1936,Austria,Skating,Men,4
1936,Austria,Skating,Women,1
1936,Canada,Ice Hockey,Men,13
1936,Finland,Skating,Men,4
1936,Finland,Skiing,Men,5
1936,France,Skiing,Men,1
1936,Germany,Skating,Men,2
1936,Germany,Skating,Women,1
1936,Germany,Skiing,Men,2
1936,Germany,Skiing,Women,2
1936,Hungary,Skating,Men,1
1936,Hungary,Skating,Women,1
1936,Norway,Skating,Men,6
1936,Norway,Skating,Women,1
1936,Norway,Skiing,Men,10
1936,Norway,Skiing,Women,1
1936,Sweden,Skating,Women,1
1936,Sweden,Skiing,Men,9
1936,Switzerland,Bobsleigh,Men,10
1936,United Kingdom,Bobsleigh,Men,4
1936,United Kingdom,Ice Hockey,Men,12
1936,United Kingdom,Skating,Women,1
1936,United States,Bobsleigh,Men,4
1936,United States,Ice Hockey,Men,11
1936,United States,Skating,Men,1
1948,Austria,Skating,Men,1
1948,Austria,Skating,Women,1
1948,Austria,Skiing,Men,1
1948,Austria,Skiing,Women,5
1948,Belgium,Bobsleigh,Men,4
1948,Belgium,Skating,Men,1
1948,Belgium,Skating,Women,1
1948,Canada,Ice Hockey,Men,17
1948,Canada,Skating,Men,1
1948,Canada,Skating,Women,2
1948,Czechoslovakia,Ice Hockey,Men,17
1948,Finland,Skating,Men,2
1948,Finland,Skiing,Men,7
1948,France,Skiing,Men,5
1948,Hungary,Skating,Men,1
1948,Hungary,Skating,Women,1
1948,Italy,Bobsleigh,Men,1
1948,Norway,Skating,Men,6
1948,Norway,Skiing,Men,7
1948,Sweden,Skating,Men,3
1948,Sweden,Skiing,Men,10
1948,Switzerland,Bobsleigh,Men,4
1948,Switzerland,Ice Hockey,Men,17
1948,Switzerland,Skating,Men,1
1948,Switzerland,Skiing,Men,4
1948,Switzerland,Skiing,Women,2
1948,United Kingdom,Bobsleigh,Men,1
1948,United Kingdom,Skating,Women,1
1948,United States,Bobsleigh,Men,11
1948,United States,Skating,Men,3
1948,United States,Skiing,Women,2
1952,Austria,Skating,Men,1
1952,Austria,Skiing,Men,5
1952,Austria,Skiing,Women,2
1952,Canada,Ice Hockey,Men,16
1952,Canada,Skating,Men,1
1952,Finland,Skiing,Men,9
1952,Finland,Skiing,Women,3
1952,France,Skating,Women,1
1952,Hungary,Skating,Men,1
1952,Hungary,Skating,Women,1
1952,Italy,Skiing,Men,1
1952,Italy,Skiing,Women,1
1952,Netherlands,Skating,Men,3
1952,Norway,Skating,Men,6
1952,Norway,Skiing,Men,13
1952,Sweden,Ice Hockey,Men,17
1952,Sweden,Skating,Men,1
1952,Sweden,Skiing,Men,5
1952,Switzerland,Bobsleigh,Men,6
1952,United Kingdom,Skating,Women,1
1952,United States,Bobsleigh,Men,6
1952,United States,Ice Hockey,Men,15
1952,United States,Skating,Men,5
1952,United States,Skating,Women,2
1952,United States,Skiing,Women,2
1952,West Germany,Bobsleigh,Men,6
1952,West Germany,Skating,Men,1
1952,West Germany,Skating,Women,1
1952,West Germany,Skiing,Women,4
1956,Austria,Skating,Men,1
1956,Austria,Skating,Women,2
1956,Austria,Skiing,Men,6
1956,Austria,Skiing,Women,3
1956,Canada,Ice Hockey,Men,17
1956,Canada,Skating,Men,1
1956,Canada,Skating,Women,1
1956,Canada,Skiing,Women,1
1956,Finland,Skating,Men,1
1956,Finland,Skiing,Men,8
1956,Finland,Skiing,Women,3
1956,Hungary,Skating,Men,1
1956,Hungary,Skating,Women,1
1956,Italy,Bobsleigh,Men,8
1956,Japan,Skiing,Men,1
1956,Norway,Skating,Men,2
1956,Norway,Skiing,Men,2
1956,Poland,Skiing,Men,1
1956,Soviet Union,Ice Hockey,Men,17
1956,Soviet Union,Skating,Men,7
1956,Soviet Union,Skiing,Men,7
1956,Soviet Union,Skiing,Women,6
1956,Sweden,Skating,Men,2
1956,Sweden,Skiing,Men,9
1956,Sweden,Skiing,Women,4
1956,Switzerland,Bobsleigh,Men,6
1956,Switzerland,Skiing,Men,1
1956,Switzerland,Skiing,Women,3
1956,United States,Bobsleigh,Men,4
1956,United States,Ice Hockey,Men,17
1956,United States,Skating,Men,3
1956,United States,Skating,Women,2
1956,United Team of Germany,Skiing,Men,1
1956,United Team of Germany,Skiing,Women,1
1960,Austria,Skiing,Men,5
1960,Austria,Skiing,Women,1
1960,Canada,Ice Hockey,Men,17
1960,Canada,Skating,Men,2
1960,Canada,Skating,Women,1
1960,Canada,Skiing,Women,1
1960,Czechoslovakia,Skating,Men,1
1960,Finland,Biathlon,Men,1
1960,Finland,Skating,Women,1
1960,Finland,Skiing,Men,8
1960,Finland,Skiing,Women,3
1960,France,Skiing,Men,3
1960,Italy,Skiing,Women,1
1960,Netherlands,Skating,Men,1
1960,Netherlands,Skating,Women,1
1960,Norway,Skating,Men,3
1960,Norway,Skiing,Men,6
1960,Poland,Skating,Women,2
1960,Soviet Union,Biathlon,Men,1
1960,Soviet Union,Ice Hockey,Men,17
1960,Soviet Union,Skating,Men,6
1960,Soviet Union,Skating,Women,6
1960,Soviet Union,Skiing,Men,6
1960,Soviet Union,Skiing,Women,6
1960,Sweden,Biathlon,Men,1
1960,Sweden,Skating,Men,1
1960,Sweden,Skiing,Men,4
1960,Sweden,Skiing,Women,3
1960,Switzerland,Skiing,Men,1
1960,Switzerland,Skiing,Women,1
1960,United States,Ice Hockey,Men,17
1960,United States,Skating,Men,3
1960,United States,Skating,Women,4
1960,United States,Skiing,Women,3
1960,United Team of Germany,Skating,Men,1
1960,United Team of Germany,Skating,Women,3
1960,United Team of Germany,Skiing,Men,3
1960,United Team of Germany,Skiing,Women,2
1964,Austria,Bobsleigh,Men,4
1964,Austria,Luge,Men,4
1964,Austria,Luge,Women,1
1964,Austria,Skating,Women,1
1964,Austria,Skiing,Men,4
1964,Austria,Skiing,Women,3
1964,Canada,Bobsleigh,Men,4
1964,Canada,Skating,Men,1
1964,Canada,Skating,Women,2
1964,Czechoslovakia,Ice Hockey,Men,17
1964,Finland,Skating,Women,2
1964,Finland,Skiing,Men,9
1964,Finland,Skiing,Women,4
1964,France,Skating,Men,1
1964,France,Skiing,Men,2
1964,France,Skiing,Women,4
1964,Italy,Bobsleigh,Men,8
1964,Italy,Luge,Men,2
1964,"Korea, North",Skating,Women,1
1964,Netherlands,Skating,Men,1
1964,Netherlands,Skating,Women,1
1964,Norway,Biathlon,Men,1
1964,Norway,Skating,Men,7
1964,Norway,Skiing,Men,7
1964,Soviet Union,Biathlon,Men,2
1964,Soviet Union,Ice Hockey,Men,16
1964,Soviet Union,Skating,Men,4
1964,Soviet Union,Skating,Women,10
1964,Soviet Union,Skiing,Men,6
1964,Soviet Union,Skiing,Women,8
1964,Sweden,Ice Hockey,Men,17
1964,Sweden,Skating,Men,1
1964,Sweden,Skiing,Men,7
1964,Sweden,Skiing,Women,3
1964,United Kingdom,Bobsleigh,Men,2
1964,United States,Skating,Men,3
1964,United States,Skating,Women,1
1964,United States,Skiing,Men,2
1964,United States,Skiing,Women,2
1964,United Team of Germany,Luge,Men,3
1964,United Team of Germany,Luge,Women,2
1964,United Team of Germany,Skating,Men,2
1964,United Team of Germany,Skating,Women,1
1964,United Team of Germany,Skiing,Men,2
1968,Austria,Bobsleigh,Men,4
1968,Austria,Luge,Men,3
1968,Austria,Skating,Men,1
1968,Austria,Skiing,Men,5
1968,Austria,Skiing,Women,2
1968,Canada,Ice Hockey,Men,18
1968,Canada,Skiing,Women,2
1968,Czechoslovakia,Ice Hockey,Men,18
1968,Czechoslovakia,Skating,Women,1
1968,Czechoslovakia,Skiing,Men,2
1968,East Germany,Luge,Men,4
1968,East Germany,Skating,Women,1
1968,East Germany,Skiing,Men,1
1968,Finland,Skating,Women,2
1968,Finland,Skiing,Men,6
1968,France,Skating,Men,1
1968,France,Skiing,Men,4
1968,France,Skiing,Women,4
1968,Italy,Bobsleigh,Men,6
1968,Italy,Luge,Women,1
1968,Italy,Skiing,Men,1
1968,Netherlands,Skating,Men,4
1968,Netherlands,Skating,Women,5
1968,Norway,Biathlon,Men,5
1968,Norway,Skating,Men,4
1968,Norway,Skiing,Men,8
1968,Norway,Skiing,Women,5
1968,Romania,Bobsleigh,Men,2
1968,Soviet Union,Biathlon,Men,6
1968,Soviet Union,Ice Hockey,Men,18
1968,Soviet Union,Skating,Men,2
1968,Soviet Union,Skating,Women,4
1968,Soviet Union,Skiing,Men,2
1968,Soviet Union,Skiing,Women,5
1968,Sweden,Biathlon,Men,4
1968,Sweden,Skating,Men,2
1968,Sweden,Skiing,Men,5
1968,Sweden,Skiing,Women,5
1968,Switzerland,Bobsleigh,Men,4
1968,Switzerland,Skiing,Men,4
1968,Switzerland,Skiing,Women,1
1968,United States,Skating,Men,2
1968,United States,Skating,Women,5
1968,West Germany,Bobsleigh,Men,2
1968,West Germany,Luge,Men,2
1968,West Germany,Luge,Women,2
1968,West Germany,Skating,Men,2
1968,West Germany,Skating,Women,1
1968,West Germany,Skiing,Men,1
1972,Austria,Skating,Women,1
1972,Austria,Skiing,Men,1
1972,Austria,Skiing,Women,3
1972,Canada,Skating,Women,1
1972,Czechoslovakia,Ice Hockey,Men,18
1972,Czechoslovakia,Skating,Men,1
1972,Czechoslovakia,Skiing,Women,1
1972,East Germany,Biathlon,Men,5
1972,East Germany,Luge,Men,7
1972,East Germany,Luge,Women,3
1972,East Germany,Skating,Men,1
1972,East Germany,Skating,Women,1
1972,East Germany,Skiing,Men,3
1972,Finland,Biathlon,Men,4
1972,Finland,Skiing,Men,1
1972,Finland,Skiing,Women,5
1972,France,Skating,Men,1
1972,France,Skiing,Women,2
1972,Italy,Bobsleigh,Men,4
1972,Italy,Luge,Men,2
1972,Italy,Skiing,Men,3
1972,Japan,Skiing,Men,3
1972,Netherlands,Skating,Men,4
1972,Netherlands,Skating,Women,5
1972,Norway,Biathlon,Men,1
1972,Norway,Skating,Men,4
1972,Norway,Skiing,Men,9
1972,Norway,Skiing,Women,3
1972,Poland,Skiing,Men,1
1972,Soviet Union,Biathlon,Men,4
1972,Soviet Union,Ice Hockey,Men,20
1972,Soviet Union,Skating,Men,4
1972,Soviet Union,Skating,Women,4
1972,Soviet Union,Skiing,Men,7
1972,Soviet Union,Skiing,Women,6
1972,Spain,Skiing,Men,1
1972,Sweden,Biathlon,Men,1
1972,Sweden,Skating,Men,2
1972,Sweden,Skiing,Men,1
1972,Switzerland,Bobsleigh,Men,6
1972,Switzerland,Skiing,Men,9
1972,Switzerland,Skiing,Women,2
1972,United States,Ice Hockey,Men,18
1972,United States,Skating,Women,5
1972,United States,Skiing,Women,2
1972,West Germany,Bobsleigh,Men,8
1972,West Germany,Skating,Men,1
1972,West Germany,Skating,Women,1
1976,Austria,Luge,Men,2
1976,Austria,Skiing,Men,4
1976,Austria,Skiing,Women,1
1976,Canada,Skating,Men,1
1976,Canada,Skating,Women,1
1976,Canada,Skiing,Women,1
1976,Czechoslovakia,Ice Hockey,Men,18
1976,East Germany,Biathlon,Men,4
1976,East Germany,Bobsleigh,Men,6
1976,East Germany,Luge,Men,4
1976,East Germany,Luge,Women,2
1976,East Germany,Skating,Men,2
1976,East Germany,Skating,Women,4
1976,East Germany,Skiing,Men,6
1976,East Germany,Skiing,Women,4
1976,Finland,Biathlon,Men,5
1976,Finland,Skiing,Men,5
1976,Finland,Skiing,Women,6
1976,France,Skiing,Women,1
1976,Italy,Skiing,Men,3
1976,Italy,Skiing,Women,1
1976,Liechtenstein,Skiing,Men,1
1976,Liechtenstein,Skiing,Women,1
1976,Netherlands,Skating,Men,5
1976,Netherlands,Skating,Women,1
1976,Norway,Skating,Men,4
1976,Norway,Skating,Women,1
1976,Norway,Skiing,Men,5
1976,Soviet Union,Biathlon,Men,6
1976,Soviet Union,Ice Hockey,Men,18
1976,Soviet Union,Skating,Men,8
1976,Soviet Union,Skating,Women,8
1976,Soviet Union,Skiing,Men,8
1976,Soviet Union,Skiing,Women,8
1976,Sweden,Skiing,Men,2
1976,Switzerland,Bobsleigh,Men,6
1976,Switzerland,Skiing,Men,3
1976,United Kingdom,Skating,Men,1
1976,United States,Skating,Men,3
1976,United States,Skating,Women,6
1976,United States,Skiing,Men,1
1976,United States,Skiing,Women,1
1976,West Germany,Bobsleigh,Men,6
1976,West Germany,Ice Hockey,Men,18
1976,West Germany,Luge,Men,3
1976,West Germany,Luge,Women,1
1976,West Germany,Skiing,Men,1
1976,West Germany,Skiing,Women,3
1980,Austria,Luge,Men,2
1980,Austria,Skiing,Men,5
1980,Austria,Skiing,Women,1
1980,Bulgaria,Skiing,Men,1
1980,Canada,Skating,Men,1
1980,Canada,Skiing,Men,1
1980,Czechoslovakia,Skiing,Women,1
1980,East Germany,Biathlon,Men,7
1980,East Germany,Bobsleigh,Men,12
1980,East Germany,Luge,Men,3
1980,East Germany,Luge,Women,1
1980,East Germany,Skating,Men,2
1980,East Germany,Skating,Women,6
1980,East Germany,Skiing,Men,3
1980,East Germany,Skiing,Women,5
1980,Finland,Skiing,Men,9
1980,Finland,Skiing,Women,3
1980,France,Skiing,Women,1
1980,Hungary,Skating,Men,1
1980,Hungary,Skating,Women,1
1980,Italy,Luge,Men,3
1980,Japan,Skiing,Men,1
1980,Liechtenstein,Skiing,Men,1
1980,Liechtenstein,Skiing,Women,3
1980,Netherlands,Skating,Men,2
1980,Netherlands,Skating,Women,2
1980,Norway,Skating,Men,6
1980,Norway,Skating,Women,1
1980,Norway,Skiing,Men,5
1980,Norway,Skiing,Women,4
1980,Soviet Union,Biathlon,Men,7
1980,Soviet Union,Ice Hockey,Men,20
1980,Soviet Union,Luge,Women,2
1980,Soviet Union,Skating,Men,6
1980,Soviet Union,Skating,Women,6
1980,Soviet Union,Skiing,Men,8
1980,Soviet Union,Skiing,Women,5
1980,Sweden,Ice Hockey,Men,19
1980,Sweden,Skiing,Men,3
1980,Switzerland,Bobsleigh,Men,6
1980,Switzerland,Skiing,Men,1
1980,Switzerland,Skiing,Women,2
1980,United Kingdom,Skating,Men,1
1980,United States,Ice Hockey,Men,19
1980,United States,Skating,Men,6
1980,United States,Skating,Women,4
1980,United States,Skiing,Men,1
1980,West Germany,Biathlon,Men,4
1980,West Germany,Luge,Men,1
1980,West Germany,Skating,Women,1
1980,West Germany,Skiing,Women,2
1984,Austria,Skiing,Men,1
1984,Canada,Skating,Men,4
1984,Czechoslovakia,Ice Hockey,Men,20
1984,Czechoslovakia,Skating,Men,1
1984,Czechoslovakia,Skiing,Men,1
1984,Czechoslovakia,Skiing,Women,6
1984,East Germany,Biathlon,Men,2
1984,East Germany,Bobsleigh,Men,12
1984,East Germany,Luge,Men,2
1984,East Germany,Luge,Women,3
1984,East Germany,Skating,Men,2
1984,East Germany,Skating,Women,10
1984,East Germany,Skiing,Men,2
1984,Finland,Skiing,Men,12
1984,Finland,Skiing,Women,7
1984,France,Skiing,Men,1
1984,France,Skiing,Women,2
1984,Italy,Luge,Men,1
1984,Italy,Skiing,Women,1
1984,Japan,Skating,Men,1
1984,Liechtenstein,Skiing,Men,1
1984,Liechtenstein,Skiing,Women,1
1984,Norway,Biathlon,Men,6
1984,Norway,Skating,Men,1
1984,Norway,Skiing,Men,1
1984,Norway,Skiing,Women,7
1984,Soviet Union,Biathlon,Men,4
1984,Soviet Union,Bobsleigh,Men,2
1984,Soviet Union,Ice Hockey,Men,20
1984,Soviet Union,Luge,Men,4
1984,Soviet Union,Skating,Men,10
1984,Soviet Union,Skating,Women,8
1984,Soviet Union,Skiing,Men,6
1984,Soviet Union,Skiing,Women,2
1984,Sweden,Ice Hockey,Men,20
1984,Sweden,Skating,Men,2
1984,Sweden,Skiing,Men,8
1984,Switzerland,Bobsleigh,Men,4
1984,Switzerland,Skiing,Men,2
1984,Switzerland,Skiing,Women,2
1984,United Kingdom,Skating,Men,1
1984,United Kingdom,Skating,Women,1
1984,United States,Skating,Men,2
1984,United States,Skating,Women,2
1984,United States,Skiing,Men,3
1984,United States,Skiing,Women,2
1984,West Germany,Biathlon,Men,6
1984,West Germany,Luge,Men,2
1984,Yugoslavia,Skiing,Men,1
1988,Austria,Skating,Men,2
1988,Austria,Skiing,Men,8
1988,Austria,Skiing,Women,2
1988,Canada,Skating,Men,2
1988,Canada,Skating,Women,2
1988,Canada,Skiing,Women,2
1988,Czechoslovakia,Skiing,Men,6
1988,East Germany,Biathlon,Men,2
1988,East Germany,Bobsleigh,Men,8
1988,East Germany,Luge,Men,5
1988,East Germany,Luge,Women,3
1988,East Germany,Skating,Men,3
1988,East Germany,Skating,Women,11
1988,Finland,Ice Hockey,Men,22
1988,Finland,Skiing,Men,6
1988,Finland,Skiing,Women,6
1988,France,Skiing,Men,2
1988,Italy,Biathlon,Men,5
1988,Italy,Skiing,Men,3
1988,Japan,Skating,Men,1
1988,Liechtenstein,Skiing,Men,1
1988,Netherlands,Skating,Men,4
1988,Netherlands,Skating,Women,3
1988,Norway,Skiing,Men,7
1988,Norway,Skiing,Women,4
1988,Soviet Union,Biathlon,Men,7
1988,Soviet Union,Bobsleigh,Men,6
1988,Soviet Union,Ice Hockey,Men,22
1988,Soviet Union,Luge,Men,1
1988,Soviet Union,Skating,Men,7
1988,Soviet Union,Skating,Women,4
1988,Soviet Union,Skiing,Men,9
1988,Soviet Union,Skiing,Women,11
1988,Sweden,Ice Hockey,Men,22
1988,Sweden,Skating,Men,2
1988,Sweden,Skiing,Men,6
1988,Switzerland,Bobsleigh,Men,4
1988,Switzerland,Skiing,Men,9
1988,Switzerland,Skiing,Women,7
1988,United States,Skating,Men,3
1988,United States,Skating,Women,4
1988,West Germany,Biathlon,Men,4
1988,West Germany,Luge,Men,3
1988,West Germany,Skiing,Men,4
1988,West Germany,Skiing,Women,3
1988,Yugoslavia,Skiing,Men,5
1988,Yugoslavia,Skiing,Women,1
1992,Austria,Bobsleigh,Men,4
1992,Austria,Luge,Men,2
1992,Austria,Luge,Women,2
1992,Austria,Skating,Women,1
1992,Austria,Skiing,Men,15
1992,Austria,Skiing,Women,5
1992,Canada,Biathlon,Women,1
1992,Canada,Ice Hockey,Men,23
1992,Canada,Skating,Men,7
1992,Canada,Skating,Women,5
1992,Canada,Skiing,Women,1
1992,China,Skating,Women,3
1992,Czechoslovakia,Ice Hockey,Men,23
1992,Czechoslovakia,Skating,Men,1
1992,Czechoslovakia,Skiing,Men,4
1992,Finland,Biathlon,Men,1
1992,Finland,Skiing,Men,10
1992,Finland,Skiing,Women,2
1992,France,Biathlon,Women,3
1992,France,Skating,Men,1
1992,France,Skating,Women,1
1992,France,Skiing,Men,5
1992,France,Skiing,Women,2
1992,Germany,Biathlon,Men,7
1992,Germany,Biathlon,Women,5
1992,Germany,Bobsleigh,Men,8
1992,Germany,Luge,Men,5
1992,Germany,Luge,Women,1
1992,Germany,Skating,Men,2
1992,Germany,Skating,Women,9
1992,Germany,Skiing,Women,1
1992,Italy,Luge,Men,2
1992,Italy,Skiing,Men,12
1992,Italy,Skiing,Women,7
1992,Japan,Skating,Men,7
1992,Japan,Skating,Women,2
1992,Japan,Skiing,Men,3
1992,"Korea, North",Skating,Women,1
1992,"Korea, South",Skating,Men,7
1992,Luxembourg,Skiing,Men,2
1992,Netherlands,Skating,Men,4
1992,New Zealand,Skiing,Women,1
1992,Norway,Skating,Men,5
1992,Norway,Skiing,Men,18
1992,Norway,Skiing,Women,5
1992,Spain,Skiing,Women,1
1992,Sweden,Biathlon,Men,5
1992,Sweden,Skiing,Men,1
1992,Sweden,Skiing,Women,1
1992,Switzerland,Bobsleigh,Men,6
1992,Switzerland,Skiing,Men,1
1992,Unified Team,Biathlon,Men,5
1992,Unified Team,Biathlon,Women,6
1992,Unified Team,Ice Hockey,Men,23
1992,Unified Team,Skating,Men,5
1992,Unified Team,Skating,Women,8
1992,Unified Team,Skiing,Women,13
1992,United States,Skating,Men,1
1992,United States,Skating,Women,9
1992,United States,Skiing,Men,1
1992,United States,Skiing,Women,3
1994,Australia,Skating,Men,4
1994,Austria,Luge,Men,1
1994,Austria,Luge,Women,1
1994,Austria,Skating,Women,2
1994,Austria,Skiing,Men,7
1994,Austria,Skiing,Women,1
1994,Belarus,Biathlon,Women,1
1994,Belarus,Skating,Men,1
1994,Canada,Biathlon,Women,2
1994,Canada,Ice Hockey,Men,23
1994,Canada,Skating,Men,3
1994,Canada,Skating,Women,8
1994,Canada,Skiing,Men,4
1994,China,Skating,Women,3
1994,Finland,Ice Hockey,Men,23
1994,Finland,Skiing,Men,6
1994,Finland,Skiing,Women,2
1994,France,Biathlon,Men,4
1994,France,Biathlon,Women,5
1994,France,Skating,Men,1
1994,France,Skiing,Men,1
1994,Germany,Biathlon,Men,7
1994,Germany,Biathlon,Women,5
1994,Germany,Bobsleigh,Men,8
1994,Germany,Luge,Men,3
1994,Germany,Luge,Women,1
1994,Germany,Skating,Women,6
1994,Germany,Skiing,Men,8
1994,Germany,Skiing,Women,2
1994,Italy,Bobsleigh,Men,2
1994,Italy,Luge,Men,5
1994,Italy,Luge,Women,1
1994,Italy,Skating,Men,6
1994,Italy,Skiing,Men,7
1994,Italy,Skiing,Women,12
1994,Japan,Skating,Men,1
1994,Japan,Skating,Women,1
1994,Japan,Skiing,Men,8
1994,Kazakhstan,Skiing,Men,3
1994,"Korea, South",Skating,Men,3
1994,"Korea, South",Skating,Women,7
1994,Netherlands,Skating,Men,4
1994,Norway,Skating,Men,5
1994,Norway,Skiing,Men,22
1994,Norway,Skiing,Women,7
1994,Russia,Biathlon,Men,7
1994,Russia,Biathlon,Women,4
1994,Russia,Skating,Men,8
1994,Russia,Skating,Women,6
1994,Russia,Skiing,Men,1
1994,Russia,Skiing,Women,10
1994,Slovenia,Skiing,Men,1
1994,Slovenia,Skiing,Women,2
1994,Sweden,Ice Hockey,Men,22
1994,Sweden,Skiing,Women,2
1994,Switzerland,Bobsleigh,Men,8
1994,Switzerland,Skiing,Men,5
1994,Switzerland,Skiing,Women,3
1994,Ukraine,Biathlon,Women,1
1994,Ukraine,Skating,Women,1
1994,United Kingdom,Skating,Men,2
1994,United Kingdom,Skating,Women,1
1994,United States,Skating,Men,6
1994,United States,Skating,Women,10
1994,United States,Skiing,Men,2
1994,United States,Skiing,Women,3
1994,Uzbekistan,Skiing,Women,1
1998,Australia,Skiing,Women,1
1998,Austria,Luge,Women,1
1998,Austria,Skiing,Men,15
1998,Austria,Skiing,Women,4
1998,Belarus,Biathlon,Men,1
1998,Belarus,Skiing,Men,1
1998,Belgium,Skating,Men,1
1998,Bulgaria,Biathlon,Women,1
1998,Canada,Bobsleigh,Men,2
1998,Canada,Curling,Men,5
1998,Canada,Curling,Women,5
1998,Canada,Ice Hockey,Women,20
1998,Canada,Skating,Men,8
1998,Canada,Skating,Women,8
1998,Canada,Skiing,Men,1
1998,China,Skating,Men,6
1998,China,Skating,Women,7
1998,China,Skiing,Women,1
1998,Czech Republic,Ice Hockey,Men,22
1998,Czech Republic,Skiing,Women,2
1998,Denmark,Curling,Women,5
1998,Finland,Biathlon,Men,1
1998,Finland,Ice Hockey,Men,23
1998,Finland,Ice Hockey,Women,20
1998,Finland,Skiing,Men,15
1998,France,Bobsleigh,Men,4
1998,France,Skating,Men,2
1998,France,Skating,Women,1
1998,France,Skiing,Men,6
1998,France,Skiing,Women,2
1998,Germany,Biathlon,Men,4
1998,Germany,Biathlon,Women,7
1998,Germany,Bobsleigh,Men,6
1998,Germany,Luge,Men,4
1998,Germany,Luge,Women,2
1998,Germany,Skating,Men,1
1998,Germany,Skating,Women,7
1998,Germany,Skiing,Men,4
1998,Germany,Skiing,Women,9
1998,Italy,Biathlon,Men,1
1998,Italy,Bobsleigh,Men,2
1998,Italy,Luge,Men,1
1998,Italy,Skiing,Men,6
1998,Italy,Skiing,Women,7
1998,Japan,Skating,Men,4
1998,Japan,Skating,Women,1
1998,Japan,Skiing,Men,7
1998,Japan,Skiing,Women,1
1998,Kazakhstan,Skating,Women,1
1998,Kazakhstan,Skiing,Men,1
1998,"Korea, South",Skating,Men,5
1998,"Korea, South",Skating,Women,7
1998,Netherlands,Skating,Men,9
1998,Netherlands,Skating,Women,2
1998,Norway,Biathlon,Men,7
1998,Norway,Biathlon,Women,4
1998,Norway,Curling,Men,5
1998,Norway,Skating,Men,1
1998,Norway,Skiing,Men,19
1998,Norway,Skiing,Women,8
1998,Russia,Biathlon,Men,4
1998,Russia,Biathlon,Women,5
1998,Russia,Ice Hockey,Men,23
1998,Russia,Skating,Men,5
1998,Russia,Skating,Women,4
1998,Russia,Skiing,Men,1
1998,Russia,Skiing,Women,11
1998,Sweden,Curling,Women,5
1998,Sweden,Skiing,Men,1
1998,Sweden,Skiing,Women,1
1998,Switzerland,Bobsleigh,Men,4
1998,Switzerland,Curling,Men,5
1998,Switzerland,Skiing,Men,4
1998,Switzerland,Skiing,Women,1
1998,Ukraine,Biathlon,Women,1
1998,United Kingdom,Bobsleigh,Men,4
1998,United States,Ice Hockey,Women,20
1998,United States,Luge,Men,4
1998,United States,Skating,Women,4
1998,United States,Skiing,Men,3
1998,United States,Skiing,Women,3
2002,Australia,Skating,Men,1
2002,Australia,Skiing,Women,1
2002,Austria,Biathlon,Men,1
2002,Austria,Bobsleigh,Men,1
2002,Austria,Luge,Men,1
2002,Austria,Skiing,Men,15
2002,Austria,Skiing,Women,2
2002,Belarus,Skiing,Men,1
2002,Bulgaria,Biathlon,Women,1
2002,Bulgaria,Skating,Women,2
2002,Canada,Curling,Men,5
2002,Canada,Curling,Women,5
2002,Canada,Ice Hockey,Men,23
2002,Canada,Ice Hockey,Women,20
2002,Canada,Skating,Men,10
2002,Canada,Skating,Women,9
2002,Canada,Skiing,Women,3
2002,China,Skating,Men,7
2002,China,Skating,Women,9
2002,Croatia,Skiing,Women,4
2002,Czech Republic,Skiing,Men,1
2002,Czech Republic,Skiing,Women,2
2002,Estonia,Skiing,Men,3
2002,Finland,Skiing,Men,13
2002,France,Biathlon,Men,5
2002,France,Skating,Men,1
2002,France,Skating,Women,1
2002,France,Skiing,Men,3
2002,France,Skiing,Women,5
2002,Germany,Biathlon,Men,7
2002,Germany,Biathlon,Women,8
2002,Germany,Bobsleigh,Men,6
2002,Germany,Bobsleigh,Women,4
2002,Germany,Luge,Men,3
2002,Germany,Luge,Women,3
2002,Germany,Skating,Men,1
2002,Germany,Skating,Women,7
2002,Germany,Skiing,Men,15
2002,Germany,Skiing,Women,7
2002,Italy,Luge,Men,1
2002,Italy,Skating,Men,6
2002,Italy,Skating,Women,1
2002,Italy,Skiing,Men,5
2002,Italy,Skiing,Women,8
2002,Japan,Skating,Men,1
2002,Japan,Skiing,Women,1
2002,"Korea, South",Skating,Women,7
2002,Netherlands,Skating,Men,6
2002,Netherlands,Skating,Women,2
2002,Norway,Biathlon,Men,7
2002,Norway,Biathlon,Women,5
2002,Norway,Curling,Men,5
2002,Norway,Skating,Men,2
2002,Norway,Skiing,Men,14
2002,Norway,Skiing,Women,8
2002,Poland,Skiing,Men,2
2002,Russia,Biathlon,Men,1
2002,Russia,Biathlon,Women,5
2002,Russia,Ice Hockey,Men,23
2002,Russia,Skating,Men,4
2002,Russia,Skating,Women,3
2002,Russia,Skiing,Men,1
2002,Russia,Skiing,Women,3
2002,Slovenia,Skiing,Men,4
2002,Sweden,Biathlon,Women,2
2002,Sweden,Ice Hockey,Women,20
2002,Sweden,Skiing,Men,2
2002,Sweden,Skiing,Women,2
2002,Switzerland,Bobsleigh,Men,5
2002,Switzerland,Curling,Men,5
2002,Switzerland,Curling,Women,5
2002,Switzerland,Skiing,Men,3
2002,Switzerland,Skiing,Women,6
2002,United Kingdom,Bobsleigh,Women,1
2002,United Kingdom,Curling,Women,5
2002,United States,Bobsleigh,Men,9
2002,United States,Bobsleigh,Women,4
2002,United States,Ice Hockey,Men,23
2002,United States,Ice Hockey,Women,20
2002,United States,Luge,Men,4
2002,United States,Skating,Men,9
2002,United States,Skating,Women,5
2002,United States,Skiing,Men,8
2002,United States,Skiing,Women,2
2006,Australia,Skiing,Men,1
2006,Australia,Skiing,Women,1
2006,Austria,Luge,Men,2
2006,Austria,Skiing,Men,22
2006,Austria,Skiing,Women,6
2006,Belarus,Skiing,Men,1
2006,Bulgaria,Skating,Women,1
2006,Canada,Bobsleigh,Men,4
2006,Canada,Bobsleigh,Women,1
2006,Canada,Curling,Men,5
2006,Canada,Curling,Women,5
2006,Canada,Ice Hockey,Women,19
2006,Canada,Skating,Men,12
2006,Canada,Skating,Women,17
2006,Canada,Skiing,Women,5
2006,China,Skating,Men,3
2006,China,Skating,Women,8
2006,China,Skiing,Men,1
2006,China,Skiing,Women,1
2006,Croatia,Skiing,Men,1
2006,Croatia,Skiing,Women,2
2006,Czech Republic,Ice Hockey,Men,25
2006,Czech Republic,Skiing,Men,1
2006,Czech Republic,Skiing,Women,2
2006,Estonia,Skiing,Men,1
2006,Estonia,Skiing,Women,2
2006,Finland,Curling,Men,5
2006,Finland,Ice Hockey,Men,24
2006,Finland,Skiing,Men,11
2006,Finland,Skiing,Women,3
2006,France,Biathlon,Men,5
2006,France,Biathlon,Women,5
2006,France,Skiing,Men,4
2006,France,Skiing,Women,1
2006,Germany,Biathlon,Men,8
2006,Germany,Biathlon,Women,9
2006,Germany,Bobsleigh,Men,6
2006,Germany,Bobsleigh,Women,2
2006,Germany,Luge,Men,2
2006,Germany,Luge,Women,3
2006,Germany,Skating,Women,7
2006,Germany,Skiing,Men,11
2006,Germany,Skiing,Women,6
2006,Italy,Bobsleigh,Women,2
2006,Italy,Luge,Men,3
2006,Italy,Skating,Men,6
2006,Italy,Skating,Women,4
2006,Italy,Skiing,Men,6
2006,Italy,Skiing,Women,4
2006,Japan,Skating,Women,1
2006,"Korea, South",Skating,Men,11
2006,"Korea, South",Skating,Women,8
2006,Latvia,Luge,Men,1
2006,Netherlands,Skating,Men,9
2006,Netherlands,Skating,Women,4
2006,Norway,Biathlon,Men,6
2006,Norway,Skiing,Men,13
2006,Norway,Skiing,Women,4
2006,Poland,Biathlon,Men,1
2006,Poland,Skiing,Women,1
2006,Russia,Biathlon,Men,4
2006,Russia,Biathlon,Women,7
2006,Russia,Bobsleigh,Men,4
2006,Russia,Luge,Men,1
2006,Russia,Skating,Men,4
2006,Russia,Skating,Women,9
2006,Russia,Skiing,Men,5
2006,Russia,Skiing,Women,7
2006,Slovakia,Skiing,Men,1
2006,Sweden,Biathlon,Women,2
2006,Sweden,Curling,Women,5
2006,Sweden,Ice Hockey,Men,24
2006,Sweden,Ice Hockey,Women,20
2006,Sweden,Skiing,Men,8
2006,Sweden,Skiing,Women,6
2006,Switzerland,Bobsleigh,Men,7
2006,Switzerland,Bobsleigh,Women,1
2006,Switzerland,Curling,Women,5
2006,Switzerland,Skating,Men,1
2006,Switzerland,Skiing,Men,4
2006,Switzerland,Skiing,Women,4
2006,Ukraine,Biathlon,Women,1
2006,Ukraine,Skating,Men,1
2006,Ukraine,Skating,Women,1
2006,United Kingdom,Bobsleigh,Women,1
2006,United States,Bobsleigh,Women,2
2006,United States,Curling,Men,5
2006,United States,Ice Hockey,Women,20
2006,United States,Skating,Men,14
2006,United States,Skating,Women,2
2006,United States,Skiing,Men,5
2006,United States,Skiing,Women,5
2010,Australia,Skiing,Men,1
2010,Australia,Skiing,Women,2
2010,Austria,Biathlon,Men,5
2010,Austria,Luge,Men,2
2010,Austria,Luge,Women,1
2010,Austria,Skiing,Men,13
2010,Austria,Skiing,Women,5
2010,Belarus,Biathlon,Men,1
2010,Belarus,Biathlon,Women,1
2010,Belarus,Skiing,Men,1
2010,Canada,Bobsleigh,Men,5
2010,Canada,Bobsleigh,Women,4
2010,Canada,Curling,Men,5
2010,Canada,Curling,Women,5
2010,Canada,Ice Hockey,Men,23
2010,Canada,Ice Hockey,Women,21
2010,Canada,Skating,Men,11
2010,Canada,Skating,Women,11
2010,Canada,Skiing,Men,3
2010,Canada,Skiing,Women,3
2010,China,Curling,Women,5
2010,China,Skating,Men,2
2010,China,Skating,Women,10
2010,China,Skiing,Men,1
2010,China,Skiing,Women,2
2010,Croatia,Biathlon,Men,1
2010,Croatia,Skiing,Men,2
2010,Czech Republic,Skating,Women,3
2010,Czech Republic,Skiing,Men,5
2010,Czech Republic,Skiing,Women,1
2010,Estonia,Skiing,Women,1
2010,Finland,Ice Hockey,Men,23
2010,Finland,Ice Hockey,Women,21
2010,Finland,Skiing,Men,1
2010,Finland,Skiing,Women,5
2010,France,Biathlon,Men,3
2010,France,Biathlon,Women,6
2010,France,Skiing,Men,3
2010,France,Skiing,Women,2
2010,Germany,Biathlon,Women,8
2010,Germany,Bobsleigh,Men,8
2010,Germany,Bobsleigh,Women,2
2010,Germany,Luge,Men,4
2010,Germany,Luge,Women,2
2010,Germany,Skating,Men,1
2010,Germany,Skating,Women,8
2010,Germany,Skiing,Men,12
2010,Germany,Skiing,Women,9
2010,Italy,Luge,Men,1
2010,Italy,Skating,Women,1
2010,Italy,Skiing,Men,3
2010,Japan,Skating,Men,3
2010,Japan,Skating,Women,4
2010,Kazakhstan,Biathlon,Women,1
2010,"Korea, South",Skating,Men,13
2010,"Korea, South",Skating,Women,5
2010,Latvia,Bobsleigh,Men,1
2010,Latvia,Luge,Men,2
2010,Netherlands,Skating,Men,7
2010,Netherlands,Skating,Women,3
2010,Netherlands,Skiing,Women,1
2010,Norway,Biathlon,Men,7
2010,Norway,Biathlon,Women,1
2010,Norway,Curling,Men,5
2010,Norway,Skating,Men,1
2010,Norway,Skiing,Men,17
2010,Norway,Skiing,Women,9
2010,Poland,Skating,Women,3
2010,Poland,Skiing,Men,2
2010,Poland,Skiing,Women,3
2010,Russia,Biathlon,Men,5
2010,Russia,Biathlon,Women,5
2010,Russia,Bobsleigh,Men,3
2010,Russia,Skating,Men,4
2010,Russia,Skating,Women,1
2010,Russia,Skiing,Men,4
2010,Russia,Skiing,Women,3
2010,Slovakia,Biathlon,Men,1
2010,Slovakia,Biathlon,Women,2
2010,Slovenia,Skiing,Women,3
2010,Sweden,Biathlon,Men,1
2010,Sweden,Curling,Women,5
2010,Sweden,Skiing,Men,8
2010,Sweden,Skiing,Women,5
2010,Switzerland,Curling,Men,5
2010,Switzerland,Skiing,Men,7
2010,Switzerland,Skiing,Women,1
2010,United Kingdom,Bobsleigh,Women,1
2010,United States,Bobsleigh,Men,4
2010,United States,Bobsleigh,Women,2
2010,United States,Ice Hockey,Men,23
2010,United States,Ice Hockey,Women,21
2010,United States,Skating,Men,17
2010,United States,Skating,Women,7
2010,United States,Skiing,Men,16
2010,United States,Skiing,Women,8
2014,Australia,Skiing,Men,1
2014,Australia,Skiing,Women,2
2014,Austria,Biathlon,Men,5
2014,Austria,Luge,Men,2
2014,Austria,Skiing,Men,12
2014,Austria,Skiing,Women,8
2014,Belarus,Biathlon,Women,4
2014,Belarus,Skiing,Men,1
2014,Belarus,Skiing,Women,1
2014,Canada,Bobsleigh,Women,2
2014,Canada,Curling,Men,5
2014,Canada,Curling,Women,5
2014,Canada,Ice Hockey,Men,25
2014,Canada,Ice Hockey,Women,21
2014,Canada,Skating,Men,11
2014,Canada,Skating,Women,9
2014,Canada,Skiing,Men,5
2014,Canada,Skiing,Women,7
2014,China,Skating,Men,7
2014,China,Skating,Women,4
2014,China,Skiing,Men,1
2014,China,Skiing,Women,1
2014,Croatia,Skiing,Men,1
2014,Czech Republic,Biathlon,Men,5
2014,Czech Republic,Biathlon,Women,3
2014,Czech Republic,Skating,Women,2
2014,Czech Republic,Skiing,Women,1
2014,Finland,Ice Hockey,Men,25
2014,Finland,Skiing,Men,2
2014,Finland,Skiing,Women,7
2014,France,Biathlon,Men,4
2014,France,Skiing,Men,11
2014,France,Skiing,Women,3
2014,Germany,Biathlon,Men,5
2014,Germany,Luge,Men,6
2014,Germany,Luge,Women,3
2014,Germany,Skating,Men,1
2014,Germany,Skating,Women,1
2014,Germany,Skiing,Men,10
2014,Germany,Skiing,Women,10
2014,Italy,Biathlon,Men,2
2014,Italy,Biathlon,Women,2
2014,Italy,Luge,Men,1
2014,Italy,Skating,Women,7
2014,Italy,Skiing,Men,2
2014,Japan,Skating,Men,1
2014,Japan,Skiing,Men,8
2014,Japan,Skiing,Women,2
2014,Kazakhstan,Skating,Men,1
2014,"Korea, South",Skating,Men,3
2014,"Korea, South",Skating,Women,11
2014,Latvia,Bobsleigh,Men,5
2014,Latvia,Luge,Men,5
2014,Latvia,Luge,Women,1
2014,Netherlands,Skating,Men,16
2014,Netherlands,Skating,Women,13
2014,Norway,Biathlon,Men,4
2014,Norway,Biathlon,Women,8
2014,Norway,Skiing,Men,14
2014,Norway,Skiing,Women,10
2014,Poland,Skating,Men,4
2014,Poland,Skating,Women,4
2014,Poland,Skiing,Men,2
2014,Poland,Skiing,Women,1
2014,Russia,Biathlon,Men,5
2014,Russia,Biathlon,Women,5
2014,Russia,Bobsleigh,Men,7
2014,Russia,Bobsleigh,Women,1
2014,Russia,Luge,Men,4
2014,Russia,Luge,Women,1
2014,Russia,Skating,Men,16
2014,Russia,Skating,Women,15
2014,Russia,Skiing,Men,13
2014,Russia,Skiing,Women,1
2014,Slovakia,Biathlon,Women,1
2014,Slovenia,Biathlon,Women,1
2014,Slovenia,Skiing,Men,4
2014,Slovenia,Skiing,Women,3
2014,Sweden,Curling,Men,5
2014,Sweden,Curling,Women,5
2014,Sweden,Ice Hockey,Men,25
2014,Sweden,Skiing,Men,11
2014,Sweden,Skiing,Women,9
2014,Switzerland,Biathlon,Women,1
2014,Switzerland,Bobsleigh,Men,2
2014,Switzerland,Ice Hockey,Women,21
2014,Switzerland,Skiing,Men,5
2014,Switzerland,Skiing,Women,3
2014,Ukraine,Biathlon,Women,5
2014,United Kingdom,Bobsleigh,Women,1
2014,United Kingdom,Curling,Men,5
2014,United Kingdom,Curling,Women,5
2014,United Kingdom,Skiing,Women,1
2014,United States,Bobsleigh,Men,7
2014,United States,Bobsleigh,Women,5
2014,United States,Ice Hockey,Women,21
2014,United States,Luge,Women,1
2014,United States,Skating,Men,9
2014,United States,Skating,Women,5
2014,United States,Skiing,Men,9
2014,United States,Skiing,Women,8
